{
  "id": "9dbc35ea",
  "tool": "bandit",
  "file": {
    "name": "deepseek_python_20250718_ad9778.py",
    "size": 2457
  },
  "summaryCounts": {
    "HIGH": 0,
    "MEDIUM": 1,
    "LOW": 1
  },
  "findings": [
    {
      "title": "blacklist",
      "description": "Consider possible security implications associated with the subprocess module.",
      "severity": "LOW",
      "location": "uploads\\9dbc35ea\\deepseek_python_20250718_ad9778.py:2"
    },
    {
      "title": "request_without_timeout",
      "description": "Call to requests without timeout",
      "severity": "MEDIUM",
      "location": "uploads\\9dbc35ea\\deepseek_python_20250718_ad9778.py:37"
    }
  ]
}