{
  "errors": [],
  "generated_at": "2025-09-21T00:42:56Z",
  "metrics": {
    "_totals": {
      "CONFIDENCE.HIGH": 1,
      "CONFIDENCE.LOW": 1,
      "CONFIDENCE.MEDIUM": 0,
      "CONFIDENCE.UNDEFINED": 0,
      "SEVERITY.HIGH": 0,
      "SEVERITY.LOW": 1,
      "SEVERITY.MEDIUM": 1,
      "SEVERITY.UNDEFINED": 0,
      "loc": 48,
      "nosec": 0,
      "skipped_tests": 0
    },
    "uploads\\9dbc35ea\\deepseek_python_20250718_ad9778.py": {
      "CONFIDENCE.HIGH": 1,
      "CONFIDENCE.LOW": 1,
      "CONFIDENCE.MEDIUM": 0,
      "CONFIDENCE.UNDEFINED": 0,
      "SEVERITY.HIGH": 0,
      "SEVERITY.LOW": 1,
      "SEVERITY.MEDIUM": 1,
      "SEVERITY.UNDEFINED": 0,
      "loc": 48,
      "nosec": 0,
      "skipped_tests": 0
    }
  },
  "results": [
    {
      "code": "1 from fastapi import FastAPI, UploadFile, File, Form\n2 import subprocess\n3 import requests\n",
      "col_offset": 0,
      "end_col_offset": 17,
      "filename": "uploads\\9dbc35ea\\deepseek_python_20250718_ad9778.py",
      "issue_confidence": "HIGH",
      "issue_cwe": {
        "id": 78,
        "link": "https://cwe.mitre.org/data/definitions/78.html"
      },
      "issue_severity": "LOW",
      "issue_text": "Consider possible security implications associated with the subprocess module.",
      "line_number": 2,
      "line_range": [
        2
      ],
      "more_info": "https://bandit.readthedocs.io/en/1.8.3/blacklists/blacklist_imports.html#b404-import-subprocess",
      "test_id": "B404",
      "test_name": "blacklist"
    },
    {
      "code": "36     # \u0627\u0633\u062a\u062f\u0639\u0627\u0621 \u0627\u0644\u0646\u0645\u0648\u0630\u062c \u0627\u0644\u0645\u062d\u0644\u064a (\u0645\u062b\u0627\u0644 \u0628\u0627\u0633\u062a\u062e\u062f\u0627\u0645 HTTP)\n37     response = requests.post(\"http://localhost:5000/v1/chat\", json={\"prompt\": prompt})\n38     return response.json()[\"response\"]\n",
      "col_offset": 15,
      "end_col_offset": 86,
      "filename": "uploads\\9dbc35ea\\deepseek_python_20250718_ad9778.py",
      "issue_confidence": "LOW",
      "issue_cwe": {
        "id": 400,
        "link": "https://cwe.mitre.org/data/definitions/400.html"
      },
      "issue_severity": "MEDIUM",
      "issue_text": "Call to requests without timeout",
      "line_number": 37,
      "line_range": [
        37
      ],
      "more_info": "https://bandit.readthedocs.io/en/1.8.3/plugins/b113_request_without_timeout.html",
      "test_id": "B113",
      "test_name": "request_without_timeout"
    }
  ]
}