{
  "errors": [],
  "generated_at": "2025-10-18T00:04:10Z",
  "metrics": {
    "_totals": {
      "CONFIDENCE.HIGH": 0,
      "CONFIDENCE.LOW": 1,
      "CONFIDENCE.MEDIUM": 0,
      "CONFIDENCE.UNDEFINED": 0,
      "SEVERITY.HIGH": 0,
      "SEVERITY.LOW": 0,
      "SEVERITY.MEDIUM": 1,
      "SEVERITY.UNDEFINED": 0,
      "loc": 23,
      "nosec": 0,
      "skipped_tests": 0
    },
    "uploads\\6cedc40a\\deepseek_python_20250719_d6b0f4.py": {
      "CONFIDENCE.HIGH": 0,
      "CONFIDENCE.LOW": 1,
      "CONFIDENCE.MEDIUM": 0,
      "CONFIDENCE.UNDEFINED": 0,
      "SEVERITY.HIGH": 0,
      "SEVERITY.LOW": 0,
      "SEVERITY.MEDIUM": 1,
      "SEVERITY.UNDEFINED": 0,
      "loc": 23,
      "nosec": 0,
      "skipped_tests": 0
    }
  },
  "results": [
    {
      "code": "17     \n18     response = requests.post(\n19         \"http://localhost:8000/diagnose\",\n20         data={\"description\": description, \"obd_code\": obd_code},\n21         files=files\n22     )\n23     \n",
      "col_offset": 15,
      "end_col_offset": 5,
      "filename": "uploads\\6cedc40a\\deepseek_python_20250719_d6b0f4.py",
      "issue_confidence": "LOW",
      "issue_cwe": {
        "id": 400,
        "link": "https://cwe.mitre.org/data/definitions/400.html"
      },
      "issue_severity": "MEDIUM",
      "issue_text": "Call to requests without timeout",
      "line_number": 18,
      "line_range": [
        18,
        19,
        20,
        21,
        22
      ],
      "more_info": "https://bandit.readthedocs.io/en/1.8.3/plugins/b113_request_without_timeout.html",
      "test_id": "B113",
      "test_name": "request_without_timeout"
    }
  ]
}