{
  "SchemaVersion": 2,
  "CreatedAt": "2025-10-21T16:12:22.6835394+03:00",
  "ArtifactName": "uploads/46fd9716/unpacked",
  "ArtifactType": "filesystem",
  "Metadata": {
    "ImageConfig": {
      "architecture": "",
      "created": "0001-01-01T00:00:00Z",
      "os": "",
      "rootfs": {
        "type": "",
        "diff_ids": null
      },
      "config": {}
    }
  },
  "Results": [
    {
      "Target": "spring-boot-student-crud/pom.xml",
      "Class": "lang-pkgs",
      "Type": "pom",
      "Vulnerabilities": [
        {
          "VulnerabilityID": "CVE-2024-12798",
          "PkgID": "ch.qos.logback:logback-core:1.5.8",
          "PkgName": "ch.qos.logback:logback-core",
          "PkgIdentifier": {
            "PURL": "pkg:maven/ch.qos.logback/logback-core@1.5.8",
            "UID": "bf40c02341863f3b"
          },
          "InstalledVersion": "1.5.8",
          "FixedVersion": "1.5.13, 1.3.15",
          "Status": "fixed",
          "Layer": {},
          "SeveritySource": "ghsa",
          "PrimaryURL": "https://avd.aquasec.com/nvd/cve-2024-12798",
          "DataSource": {
            "ID": "ghsa",
            "Name": "GitHub Security Advisory Maven",
            "URL": "https://github.com/advisories?query=type%3Areviewed+ecosystem%3Amaven"
          },
          "Title": "logback-core: arbitrary code execution via JaninoEventEvaluator",
          "Description": "ACE vulnerability in JaninoEventEvaluator  by QOS.CH logback-core\n      upto including version 0.1 to 1.3.14 and 1.4.0 to 1.5.12 in Java applications allows\n      attacker to execute arbitrary code by compromising an existing\n      logback configuration file or by injecting an environment variable\n      before program execution.\n\n\n\n\n\nMalicious logback configuration files can allow the attacker to execute \narbitrary code using the JaninoEventEvaluator extension.\n\n\n\nA successful attack requires the user to have write access to a \nconfiguration file. Alternatively, the attacker could inject a malicious \nenvironment variable pointing to a malicious configuration file. In both \ncases, the attack requires existing privilege.",
          "Severity": "MEDIUM",
          "CweIDs": [
            "CWE-917"
          ],
          "VendorSeverity": {
            "ghsa": 2,
            "redhat": 2
          },
          "CVSS": {
            "redhat": {
              "V3Vector": "CVSS:3.1/AV:L/AC:H/PR:L/UI:R/S:U/C:L/I:H/A:L",
              "V3Score": 5.5
            }
          },
          "References": [
            "https://access.redhat.com/security/cve/CVE-2024-12798",
            "https://github.com/qos-ch/logback",
            "https://github.com/qos-ch/logback/commit/2cb6d520df7592ef1c3a198f1b5df3c10c93e183",
            "https://logback.qos.ch/news.html#1.3.15",
            "https://logback.qos.ch/news.html#1.5.13",
            "https://nvd.nist.gov/vuln/detail/CVE-2024-12798",
            "https://www.cve.org/CVERecord?id=CVE-2024-12798"
          ],
          "PublishedDate": "2024-12-19T16:15:07.557Z",
          "LastModifiedDate": "2025-01-03T14:15:24.37Z"
        },
        {
          "VulnerabilityID": "CVE-2024-12801",
          "PkgID": "ch.qos.logback:logback-core:1.5.8",
          "PkgName": "ch.qos.logback:logback-core",
          "PkgIdentifier": {
            "PURL": "pkg:maven/ch.qos.logback/logback-core@1.5.8",
            "UID": "bf40c02341863f3b"
          },
          "InstalledVersion": "1.5.8",
          "FixedVersion": "1.5.13, 1.3.15",
          "Status": "fixed",
          "Layer": {},
          "SeveritySource": "ghsa",
          "PrimaryURL": "https://avd.aquasec.com/nvd/cve-2024-12801",
          "DataSource": {
            "ID": "ghsa",
            "Name": "GitHub Security Advisory Maven",
            "URL": "https://github.com/advisories?query=type%3Areviewed+ecosystem%3Amaven"
          },
          "Title": "logback-core: SaxEventRecorder vulnerable to Server-Side Request Forgery (SSRF) attacks",
          "Description": "Server-Side Request Forgery (SSRF) in SaxEventRecorder by QOS.CH logback version 0.1 to 1.3.14 and 1.4.0 to 1.5.12  on the Java platform, allows an attacker to \nforge requests by compromising logback configuration files in XML.\n\n\n\nThe attacks involves the modification of DOCTYPE declaration in  XML configuration files.",
          "Severity": "LOW",
          "CweIDs": [
            "CWE-918"
          ],
          "VendorSeverity": {
            "ghsa": 1,
            "redhat": 1
          },
          "CVSS": {
            "redhat": {
              "V3Vector": "CVSS:3.1/AV:L/AC:H/PR:L/UI:R/S:U/C:L/I:L/A:N",
              "V3Score": 3.3
            }
          },
          "References": [
            "https://access.redhat.com/security/cve/CVE-2024-12801",
            "https://github.com/qos-ch/logback",
            "https://github.com/qos-ch/logback/commit/5f05041cba4c4ac0a62748c5c527a2da48999f2d",
            "https://logback.qos.ch/news.html#1.3.15",
            "https://logback.qos.ch/news.html#1.5.13",
            "https://nvd.nist.gov/vuln/detail/CVE-2024-12801",
            "https://www.cve.org/CVERecord?id=CVE-2024-12801"
          ],
          "PublishedDate": "2024-12-19T17:15:08.93Z",
          "LastModifiedDate": "2025-01-03T14:15:24.5Z"
        },
        {
          "VulnerabilityID": "CVE-2025-24813",
          "PkgID": "org.apache.tomcat.embed:tomcat-embed-core:10.1.30",
          "PkgName": "org.apache.tomcat.embed:tomcat-embed-core",
          "PkgIdentifier": {
            "PURL": "pkg:maven/org.apache.tomcat.embed/tomcat-embed-core@10.1.30",
            "UID": "4279d2b5e6e79b7f"
          },
          "InstalledVersion": "10.1.30",
          "FixedVersion": "11.0.3, 10.1.35, 9.0.99",
          "Status": "fixed",
          "Layer": {},
          "SeveritySource": "ghsa",
          "PrimaryURL": "https://avd.aquasec.com/nvd/cve-2025-24813",
          "DataSource": {
            "ID": "ghsa",
            "Name": "GitHub Security Advisory Maven",
            "URL": "https://github.com/advisories?query=type%3Areviewed+ecosystem%3Amaven"
          },
          "Title": "tomcat: Potential RCE and/or information disclosure and/or information corruption with partial PUT",
          "Description": "Path Equivalence: 'file.Name' (Internal Dot) leading to Remote Code Execution and/or Information disclosure and/or malicious content added to uploaded files via write enabled Default Servlet in Apache Tomcat.\n\nThis issue affects Apache Tomcat: from 11.0.0-M1 through 11.0.2, from 10.1.0-M1 through 10.1.34, from 9.0.0.M1 through 9.0.98.\nThe following versions were EOL at the time the CVE was created but are \nknown to be affected: 8.5.0 though 8.5.100. Other, older, EOL versions \nmay also be affected.\n\n\nIf all of the following were true, a malicious user was able to view       security sensitive files and/or inject content into those files:\n- writes enabled for the default servlet (disabled by default)\n- support for partial PUT (enabled by default)\n- a target URL for security sensitive uploads that was a sub-directory of a target URL for public uploads\n- attacker knowledge of the names of security sensitive files being uploaded\n- the security sensitive files also being uploaded via partial PUT\n\nIf all of the following were true, a malicious user was able to       perform remote code execution:\n- writes enabled for the default servlet (disabled by default)\n- support for partial PUT (enabled by default)\n- application was using Tomcat's file based session persistence with the default storage location\n- application included a library that may be leveraged in a deserialization attack\n\nUsers are recommended to upgrade to version 11.0.3, 10.1.35 or 9.0.99, which fixes the issue.",
          "Severity": "CRITICAL",
          "CweIDs": [
            "CWE-44",
            "CWE-502",
            "CWE-706"
          ],
          "VendorSeverity": {
            "alma": 2,
            "amazon": 3,
            "bitnami": 4,
            "ghsa": 4,
            "nvd": 4,
            "oracle-oval": 2,
            "photon": 4,
            "redhat": 2,
            "rocky": 2,
            "ubuntu": 3
          },
          "CVSS": {
            "bitnami": {
              "V3Vector": "CVSS:3.1/AV:N/AC:L/PR:N/UI:N/S:U/C:H/I:H/A:H",
              "V3Score": 9.8
            },
            "ghsa": {
              "V3Vector": "CVSS:3.1/AV:N/AC:L/PR:N/UI:N/S:U/C:H/I:H/A:H",
              "V3Score": 9.8
            },
            "nvd": {
              "V3Vector": "CVSS:3.1/AV:N/AC:L/PR:N/UI:N/S:U/C:H/I:H/A:H",
              "V3Score": 9.8
            },
            "redhat": {
              "V3Vector": "CVSS:3.1/AV:N/AC:L/PR:N/UI:N/S:U/C:H/I:L/A:L",
              "V3Score": 8.6
            }
          },
          "References": [
            "http://www.openwall.com/lists/oss-security/2025/03/10/5",
            "https://access.redhat.com/errata/RHSA-2025:3645",
            "https://access.redhat.com/security/cve/CVE-2025-24813",
            "https://bugzilla.redhat.com/2332817",
            "https://bugzilla.redhat.com/2351129",
            "https://bugzilla.redhat.com/show_bug.cgi?id=2332817",
            "https://bugzilla.redhat.com/show_bug.cgi?id=2351129",
            "https://cve.mitre.org/cgi-bin/cvename.cgi?name=CVE-2024-50379",
            "https://cve.mitre.org/cgi-bin/cvename.cgi?name=CVE-2025-24813",
            "https://errata.almalinux.org/9/ALSA-2025-3645.html",
            "https://errata.rockylinux.org/RLSA-2025:3683",
            "https://github.com/absholi7ly/POC-CVE-2025-24813/blob/main/README.md",
            "https://github.com/apache/tomcat",
            "https://github.com/apache/tomcat/commit/0a668e0c27f2b7ca0cc7c6eea32253b9b5ecb29c",
            "https://github.com/apache/tomcat/commit/eb61aade8f8daccaecabf07d428b877975622f72",
            "https://github.com/apache/tomcat/commit/f6c01d6577cf9a1e06792be47e623d36acc3b5dc",
            "https://linux.oracle.com/cve/CVE-2025-24813.html",
            "https://linux.oracle.com/errata/ELSA-2025-7497.html",
            "https://lists.apache.org/thread/j5fkjv2k477os90nczf2v9l61fb0kkgq",
            "https://lists.debian.org/debian-lts-announce/2025/04/msg00003.html",
            "https://nvd.nist.gov/vuln/detail/CVE-2025-24813",
            "https://security.netapp.com/advisory/ntap-20250321-0001",
            "https://security.netapp.com/advisory/ntap-20250321-0001/",
            "https://ubuntu.com/security/notices/USN-7525-1",
            "https://ubuntu.com/security/notices/USN-7525-2",
            "https://www.cisa.gov/known-exploited-vulnerabilities-catalog",
            "https://www.cve.org/CVERecord?id=CVE-2025-24813",
            "https://www.vicarius.io/vsociety/posts/cve-2025-24813-detect-apache-tomcat-rce",
            "https://www.vicarius.io/vsociety/posts/cve-2025-24813-mitigate-apache-tomcat-rce",
            "https://www.vicarius.io/vsociety/posts/cve-2025-24813-tomcat-detect-vulnerability",
            "https://www.vicarius.io/vsociety/posts/cve-2025-24813-tomcat-mitigation-vulnerability"
          ],
          "PublishedDate": "2025-03-10T17:15:35.067Z",
          "LastModifiedDate": "2025-08-08T17:56:59.513Z"
        },
        {
          "VulnerabilityID": "CVE-2024-50379",
          "PkgID": "org.apache.tomcat.embed:tomcat-embed-core:10.1.30",
          "PkgName": "org.apache.tomcat.embed:tomcat-embed-core",
          "PkgIdentifier": {
            "PURL": "pkg:maven/org.apache.tomcat.embed/tomcat-embed-core@10.1.30",
            "UID": "4279d2b5e6e79b7f"
          },
          "InstalledVersion": "10.1.30",
          "FixedVersion": "11.0.2, 10.1.34, 9.0.98",
          "Status": "fixed",
          "Layer": {},
          "SeveritySource": "ghsa",
          "PrimaryURL": "https://avd.aquasec.com/nvd/cve-2024-50379",
          "DataSource": {
            "ID": "ghsa",
            "Name": "GitHub Security Advisory Maven",
            "URL": "https://github.com/advisories?query=type%3Areviewed+ecosystem%3Amaven"
          },
          "Title": "tomcat: RCE due to TOCTOU issue in JSP compilation",
          "Description": "Time-of-check Time-of-use (TOCTOU) Race Condition vulnerability during JSP compilation in Apache Tomcat permits an RCE on case insensitive file systems when the default servlet is enabled for write (non-default configuration).\n\nThis issue affects Apache Tomcat: from 11.0.0-M1 through 11.0.1, from 10.1.0-M1 through 10.1.33, from 9.0.0.M1 through 9.0.97.\n\nThe following versions were EOL at the time the CVE was created but are \nknown to be affected: 8.5.0 though 8.5.100. Other, older, EOL versions may also be affected.\n\nUsers are recommended to upgrade to version 11.0.2, 10.1.34 or 9.0.98, which fixes the issue.",
          "Severity": "HIGH",
          "CweIDs": [
            "CWE-367"
          ],
          "VendorSeverity": {
            "alma": 2,
            "amazon": 3,
            "bitnami": 4,
            "ghsa": 3,
            "oracle-oval": 2,
            "photon": 4,
            "redhat": 2,
            "rocky": 2,
            "ubuntu": 2
          },
          "CVSS": {
            "bitnami": {
              "V3Vector": "CVSS:3.1/AV:N/AC:L/PR:N/UI:N/S:U/C:H/I:H/A:H",
              "V3Score": 9.8
            },
            "ghsa": {
              "V3Vector": "CVSS:3.1/AV:N/AC:L/PR:N/UI:N/S:U/C:H/I:H/A:H",
              "V3Score": 9.8
            },
            "redhat": {
              "V3Vector": "CVSS:3.1/AV:N/AC:H/PR:N/UI:N/S:U/C:H/I:H/A:H",
              "V3Score": 8.1
            }
          },
          "References": [
            "http://www.openwall.com/lists/oss-security/2024/12/17/4",
            "http://www.openwall.com/lists/oss-security/2024/12/18/2",
            "https://access.redhat.com/errata/RHSA-2025:3645",
            "https://access.redhat.com/security/cve/CVE-2024-50379",
            "https://bugzilla.redhat.com/2332817",
            "https://bugzilla.redhat.com/2351129",
            "https://bugzilla.redhat.com/show_bug.cgi?id=2332817",
            "https://bugzilla.redhat.com/show_bug.cgi?id=2351129",
            "https://cve.mitre.org/cgi-bin/cvename.cgi?name=CVE-2024-50379",
            "https://cve.mitre.org/cgi-bin/cvename.cgi?name=CVE-2025-24813",
            "https://errata.almalinux.org/9/ALSA-2025-3645.html",
            "https://errata.rockylinux.org/RLSA-2025:3683",
            "https://github.com/apache/tomcat",
            "https://github.com/apache/tomcat/commit/05ddeeaa54df1e2dc427d0164bedd6b79f78d81f",
            "https://github.com/apache/tomcat/commit/05ddeeaa54df1e2dc427d0164bedd6b79f78d81f (10.1.34)",
            "https://github.com/apache/tomcat/commit/43b507ebac9d268b1ea3d908e296cc6e46795c00",
            "https://github.com/apache/tomcat/commit/43b507ebac9d268b1ea3d908e296cc6e46795c00 (9.0.98)",
            "https://github.com/apache/tomcat/commit/631500b0c9b2a2a2abb707e3de2e10a5936e5d41",
            "https://github.com/apache/tomcat/commit/631500b0c9b2a2a2abb707e3de2e10a5936e5d41 (9.0.98)",
            "https://github.com/apache/tomcat/commit/684247ae85fa633b9197b32391de59fc54703842",
            "https://github.com/apache/tomcat/commit/8554f6b1722b33a2ce8b0a3fad37825f3a75f2d2",
            "https://github.com/apache/tomcat/commit/8554f6b1722b33a2ce8b0a3fad37825f3a75f2d2 (10.1.34)",
            "https://github.com/apache/tomcat/commit/cc7a98b57c6dc1df21979fcff94a36e068f4456c",
            "https://linux.oracle.com/cve/CVE-2024-50379.html",
            "https://linux.oracle.com/errata/ELSA-2025-3683.html",
            "https://lists.apache.org/thread/y6lj6q1xnp822g6ro70tn19sgtjmr80r",
            "https://nvd.nist.gov/vuln/detail/CVE-2024-50379",
            "https://security.netapp.com/advisory/ntap-20250103-0003",
            "https://security.netapp.com/advisory/ntap-20250103-0003/",
            "https://tomcat.apache.org/security-10.html#Fixed_in_Apache_Tomcat_10.1.34",
            "https://tomcat.apache.org/security-11.html#Fixed_in_Apache_Tomcat_11.0.2",
            "https://tomcat.apache.org/security-9.html#Fixed_in_Apache_Tomcat_9.0.98",
            "https://ubuntu.com/security/notices/USN-7705-1",
            "https://www.cve.org/CVERecord?id=CVE-2024-50379"
          ],
          "PublishedDate": "2024-12-17T13:15:18.81Z",
          "LastModifiedDate": "2025-08-08T12:15:25.913Z"
        },
        {
          "VulnerabilityID": "CVE-2024-56337",
          "PkgID": "org.apache.tomcat.embed:tomcat-embed-core:10.1.30",
          "PkgName": "org.apache.tomcat.embed:tomcat-embed-core",
          "PkgIdentifier": {
            "PURL": "pkg:maven/org.apache.tomcat.embed/tomcat-embed-core@10.1.30",
            "UID": "4279d2b5e6e79b7f"
          },
          "InstalledVersion": "10.1.30",
          "FixedVersion": "11.0.2, 10.1.34, 9.0.98",
          "Status": "fixed",
          "Layer": {},
          "SeveritySource": "ghsa",
          "PrimaryURL": "https://avd.aquasec.com/nvd/cve-2024-56337",
          "DataSource": {
            "ID": "ghsa",
            "Name": "GitHub Security Advisory Maven",
            "URL": "https://github.com/advisories?query=type%3Areviewed+ecosystem%3Amaven"
          },
          "Title": "tomcat: Incomplete fix for CVE-2024-50379 - RCE due to TOCTOU issue in JSP compilation",
          "Description": "Time-of-check Time-of-use (TOCTOU) Race Condition vulnerability in Apache Tomcat.\n\nThis issue affects Apache Tomcat: from 11.0.0-M1 through 11.0.1, from 10.1.0-M1 through 10.1.33, from 9.0.0.M1 through 9.0.97.\nThe following versions were EOL at the time the CVE was created but are \nknown to be affected: 8.5.0 though 8.5.100. Other, older, EOL versions \nmay also be affected.\n\n\nThe mitigation for CVE-2024-50379 was incomplete.\n\nUsers running Tomcat on a case insensitive file system with the default servlet write enabled (readonly initialisation \nparameter set to the non-default value of false) may need additional configuration to fully mitigate CVE-2024-50379 depending on which version of Java they are using with Tomcat:\n- running on Java 8 or Java 11: the system property sun.io.useCanonCaches must be explicitly set to false (it defaults to true)\n- running on Java 17: the system property sun.io.useCanonCaches, if set, must be set to false (it defaults to false)\n- running on Java 21 onwards: no further configuration is required (the system property and the problematic cache have been removed)\n\nTomcat 11.0.3, 10.1.35 and 9.0.99 onwards will include checks that sun.io.useCanonCaches is set appropriately before allowing the default servlet to be write enabled on a case insensitive file system. Tomcat will also set sun.io.useCanonCaches to false by default where it can.",
          "Severity": "HIGH",
          "CweIDs": [
            "CWE-367"
          ],
          "VendorSeverity": {
            "alma": 3,
            "amazon": 3,
            "bitnami": 4,
            "ghsa": 3,
            "oracle-oval": 3,
            "photon": 4,
            "redhat": 2,
            "rocky": 3,
            "ubuntu": 2
          },
          "CVSS": {
            "bitnami": {
              "V3Vector": "CVSS:3.1/AV:N/AC:L/PR:N/UI:N/S:U/C:H/I:H/A:H",
              "V3Score": 9.8
            },
            "redhat": {
              "V3Vector": "CVSS:3.1/AV:N/AC:H/PR:N/UI:N/S:U/C:H/I:H/A:H",
              "V3Score": 8.1
            }
          },
          "References": [
            "https://access.redhat.com/errata/RHSA-2025:11335",
            "https://access.redhat.com/security/cve/CVE-2024-56337",
            "https://bugzilla.redhat.com/2333521",
            "https://bugzilla.redhat.com/2362783",
            "https://bugzilla.redhat.com/show_bug.cgi?id=2333521",
            "https://bugzilla.redhat.com/show_bug.cgi?id=2362783",
            "https://cve.mitre.org/cgi-bin/cvename.cgi?name=CVE-2024-56337",
            "https://cve.mitre.org/cgi-bin/cvename.cgi?name=CVE-2025-31650",
            "https://errata.almalinux.org/9/ALSA-2025-11335.html",
            "https://errata.rockylinux.org/RLSA-2025:11333",
            "https://github.com/apache/tomcat",
            "https://linux.oracle.com/cve/CVE-2024-56337.html",
            "https://linux.oracle.com/errata/ELSA-2025-11335.html",
            "https://lists.apache.org/thread/b2b9qrgjrz1kvo4ym8y2wkfdvwoq6qbp",
            "https://nvd.nist.gov/vuln/detail/CVE-2024-56337",
            "https://security.netapp.com/advisory/ntap-20250103-0002",
            "https://security.netapp.com/advisory/ntap-20250103-0002/",
            "https://tomcat.apache.org/security-10.html#Fixed_in_Apache_Tomcat_10.1.34",
            "https://tomcat.apache.org/security-11.html#Fixed_in_Apache_Tomcat_11.0.2",
            "https://tomcat.apache.org/security-9.html#Fixed_in_Apache_Tomcat_9.0.98",
            "https://www.cve.org/CVERecord?id=CVE-2024-50379",
            "https://www.cve.org/CVERecord?id=CVE-2024-56337"
          ],
          "PublishedDate": "2024-12-20T16:15:24.26Z",
          "LastModifiedDate": "2025-08-08T12:15:27.34Z"
        },
        {
          "VulnerabilityID": "CVE-2025-48988",
          "PkgID": "org.apache.tomcat.embed:tomcat-embed-core:10.1.30",
          "PkgName": "org.apache.tomcat.embed:tomcat-embed-core",
          "PkgIdentifier": {
            "PURL": "pkg:maven/org.apache.tomcat.embed/tomcat-embed-core@10.1.30",
            "UID": "4279d2b5e6e79b7f"
          },
          "InstalledVersion": "10.1.30",
          "FixedVersion": "11.0.8, 10.1.42, 9.0.106",
          "Status": "fixed",
          "Layer": {},
          "SeveritySource": "ghsa",
          "PrimaryURL": "https://avd.aquasec.com/nvd/cve-2025-48988",
          "DataSource": {
            "ID": "ghsa",
            "Name": "GitHub Security Advisory Maven",
            "URL": "https://github.com/advisories?query=type%3Areviewed+ecosystem%3Amaven"
          },
          "Title": "tomcat: Apache Tomcat DoS in multipart upload",
          "Description": "Allocation of Resources Without Limits or Throttling vulnerability in Apache Tomcat.\n\nThis issue affects Apache Tomcat: from 11.0.0-M1 through 11.0.7, from 10.1.0-M1 through 10.1.41, from 9.0.0.M1 through 9.0.105.\nThe following versions were EOL at the time the CVE was created but are \nknown to be affected: 8.5.0 though 8.5.100. Other, older, EOL versions \nmay also be affected.\n\n\nUsers are recommended to upgrade to version 11.0.8, 10.1.42 or 9.0.106, which fix the issue.",
          "Severity": "HIGH",
          "CweIDs": [
            "CWE-770"
          ],
          "VendorSeverity": {
            "alma": 3,
            "amazon": 3,
            "bitnami": 3,
            "ghsa": 3,
            "oracle-oval": 3,
            "photon": 3,
            "redhat": 2,
            "rocky": 3,
            "ubuntu": 2
          },
          "CVSS": {
            "bitnami": {
              "V3Vector": "CVSS:3.1/AV:N/AC:L/PR:N/UI:N/S:U/C:N/I:N/A:H",
              "V3Score": 7.5
            },
            "ghsa": {
              "V3Vector": "CVSS:3.1/AV:N/AC:L/PR:N/UI:N/S:U/C:N/I:N/A:H",
              "V3Score": 7.5
            },
            "redhat": {
              "V3Vector": "CVSS:3.1/AV:N/AC:L/PR:N/UI:N/S:U/C:N/I:N/A:L",
              "V3Score": 5.3
            }
          },
          "References": [
            "http://www.openwall.com/lists/oss-security/2025/06/16/1",
            "https://access.redhat.com/errata/RHSA-2025:14181",
            "https://access.redhat.com/security/cve/CVE-2025-48988",
            "https://bugzilla.redhat.com/2373015",
            "https://bugzilla.redhat.com/2373018",
            "https://bugzilla.redhat.com/2373020",
            "https://bugzilla.redhat.com/2373309",
            "https://bugzilla.redhat.com/2379374",
            "https://bugzilla.redhat.com/2379382",
            "https://bugzilla.redhat.com/2379386",
            "https://bugzilla.redhat.com/show_bug.cgi?id=2373015",
            "https://bugzilla.redhat.com/show_bug.cgi?id=2373018",
            "https://bugzilla.redhat.com/show_bug.cgi?id=2373020",
            "https://bugzilla.redhat.com/show_bug.cgi?id=2373309",
            "https://bugzilla.redhat.com/show_bug.cgi?id=2379374",
            "https://bugzilla.redhat.com/show_bug.cgi?id=2379382",
            "https://bugzilla.redhat.com/show_bug.cgi?id=2379386",
            "https://cve.mitre.org/cgi-bin/cvename.cgi?name=CVE-2025-48976",
            "https://cve.mitre.org/cgi-bin/cvename.cgi?name=CVE-2025-48988",
            "https://cve.mitre.org/cgi-bin/cvename.cgi?name=CVE-2025-48989",
            "https://cve.mitre.org/cgi-bin/cvename.cgi?name=CVE-2025-49125",
            "https://cve.mitre.org/cgi-bin/cvename.cgi?name=CVE-2025-52434",
            "https://cve.mitre.org/cgi-bin/cvename.cgi?name=CVE-2025-52520",
            "https://cve.mitre.org/cgi-bin/cvename.cgi?name=CVE-2025-53506",
            "https://errata.almalinux.org/9/ALSA-2025-14181.html",
            "https://errata.rockylinux.org/RLSA-2025:14177",
            "https://github.com/apache/tomcat",
            "https://github.com/apache/tomcat/commit/2b0ab14fb55d4edc896e5f1817f2ab76f714ae5e",
            "https://github.com/apache/tomcat/commit/2b0ab14fb55d4edc896e5f1817f2ab76f714ae5e (11.0.8)",
            "https://github.com/apache/tomcat/commit/cdde8e655bc1c5c60a07efd216251d77c52fd7f6",
            "https://github.com/apache/tomcat/commit/cdde8e655bc1c5c60a07efd216251d77c52fd7f6 (10.1.42)",
            "https://github.com/apache/tomcat/commit/ee8042ffce4cb9324dfd79efda5984f37bbb6910",
            "https://github.com/apache/tomcat/commit/ee8042ffce4cb9324dfd79efda5984f37bbb6910 (9.0.106)",
            "https://linux.oracle.com/cve/CVE-2025-48988.html",
            "https://linux.oracle.com/errata/ELSA-2025-14181.html",
            "https://lists.apache.org/thread/nzkqsok8t42qofgqfmck536mtyzygp18",
            "https://nvd.nist.gov/vuln/detail/CVE-2025-48988",
            "https://tomcat.apache.org/security-10.html",
            "https://tomcat.apache.org/security-11.html",
            "https://tomcat.apache.org/security-9.html",
            "https://www.cve.org/CVERecord?id=CVE-2025-48988"
          ],
          "PublishedDate": "2025-06-16T15:15:24.563Z",
          "LastModifiedDate": "2025-08-08T12:15:28.443Z"
        },
        {
          "VulnerabilityID": "CVE-2025-48989",
          "PkgID": "org.apache.tomcat.embed:tomcat-embed-core:10.1.30",
          "PkgName": "org.apache.tomcat.embed:tomcat-embed-core",
          "PkgIdentifier": {
            "PURL": "pkg:maven/org.apache.tomcat.embed/tomcat-embed-core@10.1.30",
            "UID": "4279d2b5e6e79b7f"
          },
          "InstalledVersion": "10.1.30",
          "FixedVersion": "11.0.10, 10.1.44, 9.0.108",
          "Status": "fixed",
          "Layer": {},
          "SeveritySource": "ghsa",
          "PrimaryURL": "https://avd.aquasec.com/nvd/cve-2025-48989",
          "DataSource": {
            "ID": "ghsa",
            "Name": "GitHub Security Advisory Maven",
            "URL": "https://github.com/advisories?query=type%3Areviewed+ecosystem%3Amaven"
          },
          "Title": "tomcat: http/2 \"MadeYouReset\" DoS attack through HTTP/2 control frames",
          "Description": "Improper Resource Shutdown or Release vulnerability in Apache Tomcat made Tomcat vulnerable to the made you reset attack.\n\nThis issue affects Apache Tomcat: from 11.0.0-M1 through 11.0.9, from 10.1.0-M1 through 10.1.43 and from 9.0.0.M1 through 9.0.107. Older, EOL versions may also be affected.\n\nUsers are recommended to upgrade to one of versions 11.0.10, 10.1.44 or 9.0.108 which fix the issue.",
          "Severity": "HIGH",
          "CweIDs": [
            "CWE-404"
          ],
          "VendorSeverity": {
            "alma": 3,
            "amazon": 3,
            "bitnami": 3,
            "ghsa": 3,
            "oracle-oval": 3,
            "redhat": 3,
            "rocky": 3,
            "ubuntu": 2
          },
          "CVSS": {
            "bitnami": {
              "V3Vector": "CVSS:3.1/AV:N/AC:L/PR:N/UI:N/S:U/C:N/I:N/A:H",
              "V3Score": 7.5
            },
            "ghsa": {
              "V3Vector": "CVSS:3.1/AV:N/AC:L/PR:N/UI:N/S:U/C:N/I:N/A:H",
              "V3Score": 7.5
            },
            "redhat": {
              "V3Vector": "CVSS:3.1/AV:N/AC:L/PR:N/UI:N/S:U/C:N/I:N/A:H",
              "V3Score": 7.5
            }
          },
          "References": [
            "https://access.redhat.com/errata/RHSA-2025:14181",
            "https://access.redhat.com/security/cve/CVE-2025-48989",
            "https://bugzilla.redhat.com/2373015",
            "https://bugzilla.redhat.com/2373018",
            "https://bugzilla.redhat.com/2373020",
            "https://bugzilla.redhat.com/2373309",
            "https://bugzilla.redhat.com/2379374",
            "https://bugzilla.redhat.com/2379382",
            "https://bugzilla.redhat.com/2379386",
            "https://bugzilla.redhat.com/show_bug.cgi?id=2373015",
            "https://bugzilla.redhat.com/show_bug.cgi?id=2373018",
            "https://bugzilla.redhat.com/show_bug.cgi?id=2373020",
            "https://bugzilla.redhat.com/show_bug.cgi?id=2373309",
            "https://bugzilla.redhat.com/show_bug.cgi?id=2379374",
            "https://bugzilla.redhat.com/show_bug.cgi?id=2379382",
            "https://bugzilla.redhat.com/show_bug.cgi?id=2379386",
            "https://cve.mitre.org/cgi-bin/cvename.cgi?name=CVE-2025-48976",
            "https://cve.mitre.org/cgi-bin/cvename.cgi?name=CVE-2025-48988",
            "https://cve.mitre.org/cgi-bin/cvename.cgi?name=CVE-2025-48989",
            "https://cve.mitre.org/cgi-bin/cvename.cgi?name=CVE-2025-49125",
            "https://cve.mitre.org/cgi-bin/cvename.cgi?name=CVE-2025-52434",
            "https://cve.mitre.org/cgi-bin/cvename.cgi?name=CVE-2025-52520",
            "https://cve.mitre.org/cgi-bin/cvename.cgi?name=CVE-2025-53506",
            "https://errata.almalinux.org/9/ALSA-2025-14181.html",
            "https://errata.rockylinux.org/RLSA-2025:14177",
            "https://github.com/apache/tomcat",
            "https://github.com/apache/tomcat/commit/73c04a10395774bda71a0b37802cf983662ce255",
            "https://github.com/apache/tomcat/commit/73c04a10395774bda71a0b37802cf983662ce255 (10.1.44)",
            "https://github.com/apache/tomcat/commit/f362c8eb3b8ec5b7f312f7f5610731c0fb299a06",
            "https://github.com/apache/tomcat/commit/f362c8eb3b8ec5b7f312f7f5610731c0fb299a06 (11.0.10)",
            "https://github.com/apache/tomcat/commit/f36b8a4eea4ce8a0bc035079e1d259d29f5eb7bf",
            "https://github.com/apache/tomcat/commit/f36b8a4eea4ce8a0bc035079e1d259d29f5eb7bf (9.0.108)",
            "https://kb.cert.org/vuls/id/767506",
            "https://linux.oracle.com/cve/CVE-2025-48989.html",
            "https://linux.oracle.com/errata/ELSA-2025-14181.html",
            "https://lists.apache.org/thread/9ydfg0xr0tchmglcprhxgwhj0hfwxlyf",
            "https://nvd.nist.gov/vuln/detail/CVE-2025-48989",
            "https://tomcat.apache.org/security-10.html",
            "https://tomcat.apache.org/security-11.html",
            "https://tomcat.apache.org/security-9.html",
            "https://www.cve.org/CVERecord?id=CVE-2025-48989"
          ],
          "PublishedDate": "2025-08-13T13:15:34.153Z",
          "LastModifiedDate": "2025-08-18T18:34:04.98Z"
        },
        {
          "VulnerabilityID": "CVE-2024-52317",
          "PkgID": "org.apache.tomcat.embed:tomcat-embed-core:10.1.30",
          "PkgName": "org.apache.tomcat.embed:tomcat-embed-core",
          "PkgIdentifier": {
            "PURL": "pkg:maven/org.apache.tomcat.embed/tomcat-embed-core@10.1.30",
            "UID": "4279d2b5e6e79b7f"
          },
          "InstalledVersion": "10.1.30",
          "FixedVersion": "9.0.96, 10.1.31, 11.0.0",
          "Status": "fixed",
          "Layer": {},
          "SeveritySource": "ghsa",
          "PrimaryURL": "https://avd.aquasec.com/nvd/cve-2024-52317",
          "DataSource": {
            "ID": "ghsa",
            "Name": "GitHub Security Advisory Maven",
            "URL": "https://github.com/advisories?query=type%3Areviewed+ecosystem%3Amaven"
          },
          "Title": "tomcat: Apache Tomcat: Request/response mix-up with HTTP/2",
          "Description": "Incorrect object re-cycling and re-use vulnerability in Apache Tomcat. Incorrect recycling of the request and response used by HTTP/2 requests \ncould lead to request and/or response mix-up between users.\n\nThis issue affects Apache Tomcat: from 11.0.0-M23 through 11.0.0-M26, from 10.1.27 through 10.1.30, from 9.0.92 through 9.0.95.\n\nUsers are recommended to upgrade to version 11.0.0, 10.1.31 or 9.0.96, which fixes the issue.",
          "Severity": "MEDIUM",
          "CweIDs": [
            "CWE-326"
          ],
          "VendorSeverity": {
            "amazon": 3,
            "bitnami": 2,
            "ghsa": 2,
            "redhat": 3,
            "ubuntu": 2
          },
          "CVSS": {
            "bitnami": {
              "V3Vector": "CVSS:3.1/AV:N/AC:L/PR:N/UI:N/S:U/C:L/I:L/A:N",
              "V3Score": 6.5
            },
            "ghsa": {
              "V3Vector": "CVSS:3.1/AV:N/AC:L/PR:N/UI:N/S:U/C:L/I:L/A:N",
              "V3Score": 6.5
            },
            "redhat": {
              "V3Vector": "CVSS:3.1/AV:N/AC:L/PR:N/UI:N/S:U/C:L/I:L/A:N",
              "V3Score": 6.5
            }
          },
          "References": [
            "http://www.openwall.com/lists/oss-security/2024/11/18/3",
            "https://access.redhat.com/security/cve/CVE-2024-52317",
            "https://github.com/apache/tomcat",
            "https://github.com/apache/tomcat/commit/146f94f87ea398fb592c7a20a5ccbef95e9dd72b",
            "https://github.com/apache/tomcat/commit/146f94f87ea398fb592c7a20a5ccbef95e9dd72b (10.1.31)",
            "https://github.com/apache/tomcat/commit/47307ee27abcdea2ee40e33897aca760083de46a",
            "https://github.com/apache/tomcat/commit/47307ee27abcdea2ee40e33897aca760083de46a (9.0.96)",
            "https://github.com/apache/tomcat/commit/9e840ccacb40881c03a03b1e0746bfba7369b3bd",
            "https://lists.apache.org/thread/ty376mrxy1mmxtw3ogo53nc9l3co3dfs",
            "https://nvd.nist.gov/vuln/detail/CVE-2024-52317",
            "https://security.netapp.com/advisory/ntap-20250124-0004",
            "https://security.netapp.com/advisory/ntap-20250124-0004/",
            "https://ubuntu.com/security/notices/USN-7705-1",
            "https://www.cve.org/CVERecord?id=CVE-2024-52317"
          ],
          "PublishedDate": "2024-11-18T12:15:18.727Z",
          "LastModifiedDate": "2025-05-15T17:51:16.553Z"
        },
        {
          "VulnerabilityID": "CVE-2025-31650",
          "PkgID": "org.apache.tomcat.embed:tomcat-embed-core:10.1.30",
          "PkgName": "org.apache.tomcat.embed:tomcat-embed-core",
          "PkgIdentifier": {
            "PURL": "pkg:maven/org.apache.tomcat.embed/tomcat-embed-core@10.1.30",
            "UID": "4279d2b5e6e79b7f"
          },
          "InstalledVersion": "10.1.30",
          "FixedVersion": "9.0.104, 10.1.40, 11.0.6",
          "Status": "fixed",
          "Layer": {},
          "SeveritySource": "ghsa",
          "PrimaryURL": "https://avd.aquasec.com/nvd/cve-2025-31650",
          "DataSource": {
            "ID": "ghsa",
            "Name": "GitHub Security Advisory Maven",
            "URL": "https://github.com/advisories?query=type%3Areviewed+ecosystem%3Amaven"
          },
          "Title": "tomcat: Apache Tomcat: DoS via malformed HTTP/2 PRIORITY_UPDATE frame",
          "Description": "Improper Input Validation vulnerability in Apache Tomcat. Incorrect error handling for some invalid HTTP priority headers resulted in incomplete clean-up of the failed request which created a memory leak. A large number of such requests could trigger an OutOfMemoryException resulting in a denial of service.\n\nThis issue affects Apache Tomcat: from 9.0.76 through 9.0.102, from 10.1.10 through 10.1.39, from 11.0.0-M2 through 11.0.5.\nThe following versions were EOL at the time the CVE was created but are \nknown to be affected: 8.5.90 though 8.5.100.\n\n\nUsers are recommended to upgrade to version 9.0.104, 10.1.40 or 11.0.6 which fix the issue.",
          "Severity": "MEDIUM",
          "CweIDs": [
            "CWE-459"
          ],
          "VendorSeverity": {
            "alma": 3,
            "amazon": 3,
            "bitnami": 3,
            "ghsa": 2,
            "nvd": 3,
            "oracle-oval": 3,
            "photon": 3,
            "redhat": 3,
            "rocky": 3,
            "ubuntu": 2
          },
          "CVSS": {
            "bitnami": {
              "V3Vector": "CVSS:3.1/AV:N/AC:L/PR:N/UI:N/S:U/C:N/I:N/A:H",
              "V3Score": 7.5
            },
            "nvd": {
              "V3Vector": "CVSS:3.1/AV:N/AC:L/PR:N/UI:N/S:U/C:N/I:N/A:H",
              "V3Score": 7.5
            },
            "redhat": {
              "V3Vector": "CVSS:3.1/AV:N/AC:L/PR:N/UI:N/S:U/C:N/I:N/A:H",
              "V3Score": 7.5
            }
          },
          "References": [
            "http://www.openwall.com/lists/oss-security/2025/04/28/2",
            "https://access.redhat.com/errata/RHSA-2025:11335",
            "https://access.redhat.com/security/cve/CVE-2025-31650",
            "https://bugzilla.redhat.com/2333521",
            "https://bugzilla.redhat.com/2362783",
            "https://bugzilla.redhat.com/show_bug.cgi?id=2333521",
            "https://bugzilla.redhat.com/show_bug.cgi?id=2362783",
            "https://cve.mitre.org/cgi-bin/cvename.cgi?name=CVE-2024-56337",
            "https://cve.mitre.org/cgi-bin/cvename.cgi?name=CVE-2025-31650",
            "https://errata.almalinux.org/9/ALSA-2025-11335.html",
            "https://errata.rockylinux.org/RLSA-2025:11333",
            "https://github.com/apache/tomcat",
            "https://github.com/apache/tomcat/commit/1eef1dc459c45f1e421d8bd25ef340fc1cc34edc",
            "https://github.com/apache/tomcat/commit/40ae788c2e64d018b4e58cd4210bb96434d0100d",
            "https://github.com/apache/tomcat/commit/75554da2fc5574862510ae6f0d7b3d78937f1d40",
            "https://github.com/apache/tomcat/commit/8cc3b8fb3f2d8d4d6a757e014f19d1fafa948a60",
            "https://github.com/apache/tomcat/commit/b7674782679e1514a0d154166b1d04d38aaac4a9",
            "https://github.com/apache/tomcat/commit/b98e74f517b36929f4208506e5adad22cb767baa",
            "https://github.com/apache/tomcat/commit/cba1a0fe1289ee7f5dd46c61c38d1e1ac5437bff",
            "https://github.com/apache/tomcat/commit/ded0285b96b4d3f5560dfc8856ad5ec4a9b50ba9",
            "https://github.com/apache/tomcat/commit/f619e6a05029538886d5a9d987925d573b5bb8c2",
            "https://linux.oracle.com/cve/CVE-2025-31650.html",
            "https://linux.oracle.com/errata/ELSA-2025-11335.html",
            "https://lists.apache.org/thread/j6zzk0y3yym9pzfzkq5vcyxzz0yzh826",
            "https://nvd.nist.gov/vuln/detail/CVE-2025-31650",
            "https://tomcat.apache.org/security-10.html",
            "https://tomcat.apache.org/security-11.html",
            "https://tomcat.apache.org/security-9.html",
            "https://ubuntu.com/security/notices/USN-7705-1",
            "https://www.cve.org/CVERecord?id=CVE-2025-31650"
          ],
          "PublishedDate": "2025-04-28T20:15:20.653Z",
          "LastModifiedDate": "2025-08-08T12:15:27.817Z"
        },
        {
          "VulnerabilityID": "CVE-2025-49125",
          "PkgID": "org.apache.tomcat.embed:tomcat-embed-core:10.1.30",
          "PkgName": "org.apache.tomcat.embed:tomcat-embed-core",
          "PkgIdentifier": {
            "PURL": "pkg:maven/org.apache.tomcat.embed/tomcat-embed-core@10.1.30",
            "UID": "4279d2b5e6e79b7f"
          },
          "InstalledVersion": "10.1.30",
          "FixedVersion": "11.0.8, 10.1.42, 9.0.106",
          "Status": "fixed",
          "Layer": {},
          "SeveritySource": "ghsa",
          "PrimaryURL": "https://avd.aquasec.com/nvd/cve-2025-49125",
          "DataSource": {
            "ID": "ghsa",
            "Name": "GitHub Security Advisory Maven",
            "URL": "https://github.com/advisories?query=type%3Areviewed+ecosystem%3Amaven"
          },
          "Title": "tomcat: Apache Tomcat: Security constraint bypass for pre/post-resources",
          "Description": "Authentication Bypass Using an Alternate Path or Channel vulnerability in Apache Tomcat.  When using PreResources or PostResources mounted other than at the root of the web application, it was possible to access those resources via an unexpected path. That path was likely not to be protected by the same security constraints as the expected path, allowing those security constraints to be bypassed.\n\nThis issue affects Apache Tomcat: from 11.0.0-M1 through 11.0.7, from 10.1.0-M1 through 10.1.41, from 9.0.0.M1 through 9.0.105.\nThe following versions were EOL at the time the CVE was created but are \nknown to be affected: 8.5.0 through 8.5.100. Other, older, EOL versions \nmay also be affected.\n\n\nUsers are recommended to upgrade to version 11.0.8, 10.1.42 or 9.0.106, which fix the issue.",
          "Severity": "MEDIUM",
          "CweIDs": [
            "CWE-288"
          ],
          "VendorSeverity": {
            "alma": 3,
            "amazon": 3,
            "bitnami": 3,
            "ghsa": 2,
            "oracle-oval": 3,
            "photon": 3,
            "redhat": 1,
            "rocky": 3,
            "ubuntu": 2
          },
          "CVSS": {
            "bitnami": {
              "V3Vector": "CVSS:3.1/AV:N/AC:L/PR:N/UI:N/S:U/C:H/I:N/A:N",
              "V3Score": 7.5
            },
            "redhat": {
              "V3Vector": "CVSS:3.1/AV:N/AC:H/PR:N/UI:N/S:U/C:L/I:N/A:N",
              "V3Score": 3.7
            }
          },
          "References": [
            "http://www.openwall.com/lists/oss-security/2025/06/16/2",
            "https://access.redhat.com/errata/RHSA-2025:14181",
            "https://access.redhat.com/security/cve/CVE-2025-49125",
            "https://bugzilla.redhat.com/2373015",
            "https://bugzilla.redhat.com/2373018",
            "https://bugzilla.redhat.com/2373020",
            "https://bugzilla.redhat.com/2373309",
            "https://bugzilla.redhat.com/2379374",
            "https://bugzilla.redhat.com/2379382",
            "https://bugzilla.redhat.com/2379386",
            "https://bugzilla.redhat.com/show_bug.cgi?id=2373015",
            "https://bugzilla.redhat.com/show_bug.cgi?id=2373018",
            "https://bugzilla.redhat.com/show_bug.cgi?id=2373020",
            "https://bugzilla.redhat.com/show_bug.cgi?id=2373309",
            "https://bugzilla.redhat.com/show_bug.cgi?id=2379374",
            "https://bugzilla.redhat.com/show_bug.cgi?id=2379382",
            "https://bugzilla.redhat.com/show_bug.cgi?id=2379386",
            "https://cve.mitre.org/cgi-bin/cvename.cgi?name=CVE-2025-48976",
            "https://cve.mitre.org/cgi-bin/cvename.cgi?name=CVE-2025-48988",
            "https://cve.mitre.org/cgi-bin/cvename.cgi?name=CVE-2025-48989",
            "https://cve.mitre.org/cgi-bin/cvename.cgi?name=CVE-2025-49125",
            "https://cve.mitre.org/cgi-bin/cvename.cgi?name=CVE-2025-52434",
            "https://cve.mitre.org/cgi-bin/cvename.cgi?name=CVE-2025-52520",
            "https://cve.mitre.org/cgi-bin/cvename.cgi?name=CVE-2025-53506",
            "https://errata.almalinux.org/9/ALSA-2025-14181.html",
            "https://errata.rockylinux.org/RLSA-2025:14177",
            "https://github.com/apache/tomcat",
            "https://github.com/apache/tomcat/commit/7617b9c247bc77ed0444dd69adcd8aa48777886c",
            "https://github.com/apache/tomcat/commit/7617b9c247bc77ed0444dd69adcd8aa48777886c (10.1.42)",
            "https://github.com/apache/tomcat/commit/9418e3ff9f1f4c006b4661311ae9376c52d162b9",
            "https://github.com/apache/tomcat/commit/9418e3ff9f1f4c006b4661311ae9376c52d162b9 (9.0.106)",
            "https://github.com/apache/tomcat/commit/d94bd36fb7eb32e790dae0339bc249069649a637",
            "https://github.com/apache/tomcat/commit/d94bd36fb7eb32e790dae0339bc249069649a637 (11.0.8)",
            "https://linux.oracle.com/cve/CVE-2025-49125.html",
            "https://linux.oracle.com/errata/ELSA-2025-14181.html",
            "https://lists.apache.org/thread/m66cytbfrty9k7dc4cg6tl1czhsnbywk",
            "https://nvd.nist.gov/vuln/detail/CVE-2025-49125",
            "https://tomcat.apache.org/security-10.html",
            "https://tomcat.apache.org/security-11.html",
            "https://tomcat.apache.org/security-9.html",
            "https://www.cve.org/CVERecord?id=CVE-2025-49125"
          ],
          "PublishedDate": "2025-06-16T15:15:24.85Z",
          "LastModifiedDate": "2025-08-08T12:15:28.787Z"
        },
        {
          "VulnerabilityID": "CVE-2025-31651",
          "PkgID": "org.apache.tomcat.embed:tomcat-embed-core:10.1.30",
          "PkgName": "org.apache.tomcat.embed:tomcat-embed-core",
          "PkgIdentifier": {
            "PURL": "pkg:maven/org.apache.tomcat.embed/tomcat-embed-core@10.1.30",
            "UID": "4279d2b5e6e79b7f"
          },
          "InstalledVersion": "10.1.30",
          "FixedVersion": "9.0.104, 10.1.40, 11.0.6",
          "Status": "fixed",
          "Layer": {},
          "SeveritySource": "ghsa",
          "PrimaryURL": "https://avd.aquasec.com/nvd/cve-2025-31651",
          "DataSource": {
            "ID": "ghsa",
            "Name": "GitHub Security Advisory Maven",
            "URL": "https://github.com/advisories?query=type%3Areviewed+ecosystem%3Amaven"
          },
          "Title": "tomcat: Apache Tomcat: Bypass of rules in Rewrite Valve",
          "Description": "Improper Neutralization of Escape, Meta, or Control Sequences vulnerability in Apache Tomcat. For a subset of unlikely rewrite rule configurations, it was possible \nfor a specially crafted request to bypass some rewrite rules. If those \nrewrite rules effectively enforced security constraints, those \nconstraints could be bypassed.\n\nThis issue affects Apache Tomcat: from 11.0.0-M1 through 11.0.5, from 10.1.0-M1 through 10.1.39, from 9.0.0.M1 through 9.0.102.\nThe following versions were EOL at the time the CVE was created but are \nknown to be affected: 8.5.0 though 8.5.100. Other, older, EOL versions \nmay also be affected.\n\n\nUsers are recommended to upgrade to version [FIXED_VERSION], which fixes the issue.",
          "Severity": "LOW",
          "CweIDs": [
            "CWE-116"
          ],
          "VendorSeverity": {
            "amazon": 3,
            "bitnami": 4,
            "ghsa": 1,
            "nvd": 4,
            "photon": 4,
            "redhat": 1,
            "ubuntu": 2
          },
          "CVSS": {
            "bitnami": {
              "V3Vector": "CVSS:3.1/AV:N/AC:L/PR:N/UI:N/S:U/C:H/I:H/A:H",
              "V3Score": 9.8
            },
            "nvd": {
              "V3Vector": "CVSS:3.1/AV:N/AC:L/PR:N/UI:N/S:U/C:H/I:H/A:H",
              "V3Score": 9.8
            },
            "redhat": {
              "V3Vector": "CVSS:3.1/AV:N/AC:L/PR:N/UI:N/S:U/C:N/I:L/A:N",
              "V3Score": 5.3
            }
          },
          "References": [
            "http://www.openwall.com/lists/oss-security/2025/04/28/3",
            "https://access.redhat.com/security/cve/CVE-2025-31651",
            "https://github.com/apache/tomcat",
            "https://github.com/apache/tomcat/commit/066bf6b6a15a4e7e0941d4acf096841165b97098",
            "https://github.com/apache/tomcat/commit/175dc75fc428930034a6c93fb52f830d955d8e64",
            "https://github.com/apache/tomcat/commit/ee3ab548e92345eca0cbd1f01649eb36c6f29454",
            "https://github.com/apache/tomcat/commit/fbecc915a10c5a3d634c5e2c6ced4ff479ce9953",
            "https://lists.apache.org/list.html?announce@tomcat.apache.org",
            "https://nvd.nist.gov/vuln/detail/CVE-2025-31651",
            "https://tomcat.apache.org/security-10.html",
            "https://tomcat.apache.org/security-11.html",
            "https://tomcat.apache.org/security-9.html",
            "https://ubuntu.com/security/notices/USN-7705-1",
            "https://www.cve.org/CVERecord?id=CVE-2025-31651"
          ],
          "PublishedDate": "2025-04-28T20:15:20.783Z",
          "LastModifiedDate": "2025-08-08T12:15:28.023Z"
        },
        {
          "VulnerabilityID": "CVE-2025-46701",
          "PkgID": "org.apache.tomcat.embed:tomcat-embed-core:10.1.30",
          "PkgName": "org.apache.tomcat.embed:tomcat-embed-core",
          "PkgIdentifier": {
            "PURL": "pkg:maven/org.apache.tomcat.embed/tomcat-embed-core@10.1.30",
            "UID": "4279d2b5e6e79b7f"
          },
          "InstalledVersion": "10.1.30",
          "FixedVersion": "9.0.105, 10.1.41, 11.0.7",
          "Status": "fixed",
          "Layer": {},
          "SeveritySource": "ghsa",
          "PrimaryURL": "https://avd.aquasec.com/nvd/cve-2025-46701",
          "DataSource": {
            "ID": "ghsa",
            "Name": "GitHub Security Advisory Maven",
            "URL": "https://github.com/advisories?query=type%3Areviewed+ecosystem%3Amaven"
          },
          "Title": "tomcat: Apache Tomcat: Security constraint bypass for CGI scripts",
          "Description": "Improper Handling of Case Sensitivity vulnerability in Apache Tomcat's GCI servlet allows security constraint bypass of security constraints that apply to the pathInfo component of a URI mapped to the CGI servlet.\n\nThis issue affects Apache Tomcat: from 11.0.0-M1 through 11.0.6, from 10.1.0-M1 through 10.1.40, from 9.0.0.M1 through 9.0.104.\nThe following versions were EOL at the time the CVE was created but are \nknown to be affected: 8.5.0 though 8.5.100. Other, older, EOL versions \nmay also be affected.\n\n\nUsers are recommended to upgrade to version 11.0.7, 10.1.41 or 9.0.105, which fixes the issue.",
          "Severity": "LOW",
          "CweIDs": [
            "CWE-178"
          ],
          "VendorSeverity": {
            "amazon": 2,
            "bitnami": 3,
            "ghsa": 1,
            "photon": 3,
            "redhat": 2,
            "ubuntu": 2
          },
          "CVSS": {
            "bitnami": {
              "V3Vector": "CVSS:3.1/AV:N/AC:L/PR:N/UI:N/S:U/C:L/I:L/A:L",
              "V3Score": 7.3
            },
            "redhat": {
              "V3Vector": "CVSS:3.1/AV:N/AC:L/PR:N/UI:N/S:U/C:L/I:L/A:N",
              "V3Score": 6.5
            }
          },
          "References": [
            "http://www.openwall.com/lists/oss-security/2025/05/29/4",
            "https://access.redhat.com/security/cve/CVE-2025-46701",
            "https://github.com/apache/tomcat",
            "https://github.com/apache/tomcat/commit/0f01966eb60015d975525019e12a087f05ebf01a",
            "https://github.com/apache/tomcat/commit/0f01966eb60015d975525019e12a087f05ebf01a (11.0.7)",
            "https://github.com/apache/tomcat/commit/238d2aa54b99f91d1111467e2237d2244c64e558",
            "https://github.com/apache/tomcat/commit/238d2aa54b99f91d1111467e2237d2244c64e558 (10.1.41)",
            "https://github.com/apache/tomcat/commit/2c6800111e7d8d8d5403c07978ea9bff3db5a5a5",
            "https://github.com/apache/tomcat/commit/2c6800111e7d8d8d5403c07978ea9bff3db5a5a5 (10.1.41)",
            "https://github.com/apache/tomcat/commit/8cb95ff03221067c511b3fa66d4f745bc4b0a605",
            "https://github.com/apache/tomcat/commit/8cb95ff03221067c511b3fa66d4f745bc4b0a605 (9.0.105)",
            "https://github.com/apache/tomcat/commit/8df00018a252baa9497615d6420fb6c10466fa74",
            "https://github.com/apache/tomcat/commit/8df00018a252baa9497615d6420fb6c10466fa74 (9.0.105)",
            "https://github.com/apache/tomcat/commit/fab7247d2f0e3a29d5daef565f829f383e10e5e2",
            "https://github.com/apache/tomcat/commit/fab7247d2f0e3a29d5daef565f829f383e10e5e2 (11.0.7)",
            "https://lists.apache.org/thread/xhqqk9w5q45srcdqhogdk04lhdscv30j",
            "https://nvd.nist.gov/vuln/detail/CVE-2025-46701",
            "https://tomcat.apache.org/security-10.html#Fixed_in_Apache_Tomcat_10.1.41",
            "https://tomcat.apache.org/security-11.html#Fixed_in_Apache_Tomcat_11.0.7",
            "https://tomcat.apache.org/security-9.html#Fixed_in_Apache_Tomcat_9.0.105",
            "https://ubuntu.com/security/notices/USN-7705-1",
            "https://www.cve.org/CVERecord?id=CVE-2025-46701"
          ],
          "PublishedDate": "2025-05-29T19:15:27.983Z",
          "LastModifiedDate": "2025-08-08T12:15:28.257Z"
        },
        {
          "VulnerabilityID": "CVE-2025-22235",
          "PkgID": "org.springframework.boot:spring-boot:3.3.4",
          "PkgName": "org.springframework.boot:spring-boot",
          "PkgIdentifier": {
            "PURL": "pkg:maven/org.springframework.boot/spring-boot@3.3.4",
            "UID": "277bbecfdcc9d0ec"
          },
          "InstalledVersion": "3.3.4",
          "FixedVersion": "3.3.11, 3.4.5",
          "Status": "fixed",
          "Layer": {},
          "SeveritySource": "ghsa",
          "PrimaryURL": "https://avd.aquasec.com/nvd/cve-2025-22235",
          "DataSource": {
            "ID": "ghsa",
            "Name": "GitHub Security Advisory Maven",
            "URL": "https://github.com/advisories?query=type%3Areviewed+ecosystem%3Amaven"
          },
          "Title": "org.springframework.boot/spring-boot: Spring Boot EndpointRequest.to() creates wrong matcher if actuator endpoint is not exposed",
          "Description": "EndpointRequest.to() creates a matcher for null/** if the actuator endpoint, for which the EndpointRequest has been created, is disabled or not exposed.\n\nYour application may be affected by this if all the following conditions are met:\n\n  *  You use Spring Security\n  *  EndpointRequest.to() has been used in a Spring Security chain configuration\n  *  The endpoint which EndpointRequest references is disabled or not exposed via web\n  *  Your application handles requests to /null and this path needs protection\n\n\nYou are not affected if any of the following is true:\n\n  *  You don't use Spring Security\n  *  You don't use EndpointRequest.to()\n  *  The endpoint which EndpointRequest.to() refers to is enabled and is exposed\n  *  Your application does not handle requests to /null or this path does not need protection",
          "Severity": "HIGH",
          "CweIDs": [
            "CWE-20"
          ],
          "VendorSeverity": {
            "ghsa": 3,
            "redhat": 3
          },
          "CVSS": {
            "ghsa": {
              "V3Vector": "CVSS:3.1/AV:N/AC:L/PR:N/UI:N/S:U/C:L/I:L/A:L",
              "V3Score": 7.3
            },
            "redhat": {
              "V3Vector": "CVSS:3.1/AV:N/AC:L/PR:N/UI:N/S:U/C:L/I:L/A:L",
              "V3Score": 7.3
            }
          },
          "References": [
            "https://access.redhat.com/security/cve/CVE-2025-22235",
            "https://github.com/advisories/GHSA-rc42-6c7j-7h5r",
            "https://github.com/spring-projects/spring-boot",
            "https://nvd.nist.gov/vuln/detail/CVE-2025-22235",
            "https://security.netapp.com/advisory/ntap-20250516-0010",
            "https://security.netapp.com/advisory/ntap-20250516-0010/",
            "https://spring.io/security/cve-2025-22235",
            "https://www.cve.org/CVERecord?id=CVE-2025-22235"
          ],
          "PublishedDate": "2025-04-28T08:15:15.273Z",
          "LastModifiedDate": "2025-05-16T23:15:19.6Z"
        },
        {
          "VulnerabilityID": "CVE-2024-38820",
          "PkgID": "org.springframework:spring-context:6.1.13",
          "PkgName": "org.springframework:spring-context",
          "PkgIdentifier": {
            "PURL": "pkg:maven/org.springframework/spring-context@6.1.13",
            "UID": "a3b3277e48412eaf"
          },
          "InstalledVersion": "6.1.13",
          "FixedVersion": "6.1.14",
          "Status": "fixed",
          "Layer": {},
          "SeveritySource": "ghsa",
          "PrimaryURL": "https://avd.aquasec.com/nvd/cve-2024-38820",
          "DataSource": {
            "ID": "ghsa",
            "Name": "GitHub Security Advisory Maven",
            "URL": "https://github.com/advisories?query=type%3Areviewed+ecosystem%3Amaven"
          },
          "Title": "The fix for CVE-2022-22968 made disallowedFieldspatterns in DataBinder ...",
          "Description": "The fix for CVE-2022-22968 made disallowedFields patterns in DataBinder case insensitive. However, String.toLowerCase() has some Locale dependent exceptions that could potentially result in fields not protected as expected.",
          "Severity": "MEDIUM",
          "CweIDs": [
            "CWE-178"
          ],
          "VendorSeverity": {
            "ghsa": 2,
            "nvd": 2
          },
          "CVSS": {
            "ghsa": {
              "V3Vector": "CVSS:3.1/AV:N/AC:L/PR:N/UI:N/S:U/C:N/I:L/A:N",
              "V3Score": 5.3
            },
            "nvd": {
              "V3Vector": "CVSS:3.1/AV:N/AC:L/PR:N/UI:N/S:U/C:N/I:L/A:N",
              "V3Score": 5.3
            }
          },
          "References": [
            "https://github.com/spring-projects/spring-framework",
            "https://github.com/spring-projects/spring-framework/commit/23656aebc6c7d0f9faff1080981eb4d55eff296c",
            "https://github.com/spring-projects/spring-framework/commits/v6.2.0-RC2",
            "https://nvd.nist.gov/vuln/detail/CVE-2024-38820",
            "https://security.netapp.com/advisory/ntap-20241129-0003",
            "https://security.netapp.com/advisory/ntap-20241129-0003/",
            "https://spring.io/security/cve-2024-38820"
          ],
          "PublishedDate": "2024-10-18T06:15:03.333Z",
          "LastModifiedDate": "2024-11-29T12:15:07.007Z"
        },
        {
          "VulnerabilityID": "CVE-2025-22233",
          "PkgID": "org.springframework:spring-context:6.1.13",
          "PkgName": "org.springframework:spring-context",
          "PkgIdentifier": {
            "PURL": "pkg:maven/org.springframework/spring-context@6.1.13",
            "UID": "a3b3277e48412eaf"
          },
          "InstalledVersion": "6.1.13",
          "FixedVersion": "6.2.7, 6.1.20",
          "Status": "fixed",
          "Layer": {},
          "SeveritySource": "ghsa",
          "PrimaryURL": "https://avd.aquasec.com/nvd/cve-2025-22233",
          "DataSource": {
            "ID": "ghsa",
            "Name": "GitHub Security Advisory Maven",
            "URL": "https://github.com/advisories?query=type%3Areviewed+ecosystem%3Amaven"
          },
          "Title": "CVE-2024-38820 ensured Locale-independent, lowercase conversion for bo ...",
          "Description": "CVE-2024-38820 ensured Locale-independent, lowercase conversion for both the configured disallowedFields patterns and for request parameter names. However, there are still cases where it is possible to bypass the disallowedFields checks.\n\nAffected Spring Products and Versions\n\nSpring Framework:\n  *  6.2.0 - 6.2.6\n\n  *  6.1.0 - 6.1.19\n\n  *  6.0.0 - 6.0.27\n\n  *  5.3.0 - 5.3.42\n  *  Older, unsupported versions are also affected\n\n\n\nMitigation\n\nUsers of affected versions should upgrade to the corresponding fixed version.\n\nAffected version(s)Fix Version Availability 6.2.x\n 6.2.7\nOSS6.1.x\n 6.1.20\nOSS6.0.x\n 6.0.28\n Commercial https://enterprise.spring.io/ 5.3.x\n 5.3.43\n Commercial https://enterprise.spring.io/ \nNo further mitigation steps are necessary.\n\n\nGenerally, we recommend using a dedicated model object with properties only for data binding, or using constructor binding since constructor arguments explicitly declare what to bind together with turning off setter binding through the declarativeBinding flag. See the Model Design section in the reference documentation.\n\nFor setting binding, prefer the use of allowedFields (an explicit list) over disallowedFields.\n\nCredit\n\nThis issue was responsibly reported by the TERASOLUNA Framework Development Team from NTT DATA Group Corporation.",
          "Severity": "LOW",
          "CweIDs": [
            "CWE-20"
          ],
          "VendorSeverity": {
            "ghsa": 1
          },
          "CVSS": {
            "ghsa": {
              "V3Vector": "CVSS:3.1/AV:N/AC:H/PR:L/UI:N/S:U/C:N/I:L/A:N",
              "V3Score": 3.1
            }
          },
          "References": [
            "https://github.com/spring-projects/spring-framework",
            "https://github.com/spring-projects/spring-framework/commit/edfcc6ffb188e4614ec9b212e3208b666981851c",
            "https://github.com/spring-projects/spring-framework/commit/ee62701f5634e904e42e218baad142cea2bcd332",
            "https://github.com/spring-projects/spring-framework/issues/34801",
            "https://nvd.nist.gov/vuln-metrics/cvss/v3-calculator?vector=AV:N/AC:H/PR:L/UI:N/S:U/C:N/I:L/A:N\u0026version=3.1",
            "https://nvd.nist.gov/vuln/detail/CVE-2025-22233",
            "https://spring.io/security/cve-2025-22233"
          ],
          "PublishedDate": "2025-05-16T20:15:22.143Z",
          "LastModifiedDate": "2025-05-19T13:35:20.46Z"
        },
        {
          "VulnerabilityID": "CVE-2025-41249",
          "PkgID": "org.springframework:spring-core:6.1.13",
          "PkgName": "org.springframework:spring-core",
          "PkgIdentifier": {
            "PURL": "pkg:maven/org.springframework/spring-core@6.1.13",
            "UID": "e3f3ae5ada316a7b"
          },
          "InstalledVersion": "6.1.13",
          "FixedVersion": "6.2.11",
          "Status": "fixed",
          "Layer": {},
          "SeveritySource": "ghsa",
          "PrimaryURL": "https://avd.aquasec.com/nvd/cve-2025-41249",
          "DataSource": {
            "ID": "ghsa",
            "Name": "GitHub Security Advisory Maven",
            "URL": "https://github.com/advisories?query=type%3Areviewed+ecosystem%3Amaven"
          },
          "Title": "org.springframework/spring-core: Spring Framework Annotation Detection Vulnerability",
          "Description": "The Spring Framework annotation detection mechanism may not correctly resolve annotations on methods within type hierarchies with a parameterized super type with unbounded generics. This can be an issue if such annotations are used for authorization decisions.\n\nYour application may be affected by this if you are using Spring Security's @EnableMethodSecurity feature.\n\nYou are not affected by this if you are not using @EnableMethodSecurity or if you do not use security annotations on methods in generic superclasses or generic interfaces.\n\nThis CVE is published in conjunction with  CVE-2025-41248 https://spring.io/security/cve-2025-41248 .",
          "Severity": "HIGH",
          "CweIDs": [
            "CWE-285"
          ],
          "VendorSeverity": {
            "ghsa": 3,
            "redhat": 3
          },
          "CVSS": {
            "ghsa": {
              "V3Vector": "CVSS:3.1/AV:N/AC:L/PR:N/UI:N/S:U/C:H/I:N/A:N",
              "V3Score": 7.5
            },
            "redhat": {
              "V3Vector": "CVSS:3.1/AV:N/AC:L/PR:N/UI:N/S:U/C:H/I:N/A:N",
              "V3Score": 7.5
            }
          },
          "References": [
            "https://access.redhat.com/security/cve/CVE-2025-41249",
            "https://github.com/spring-projects/spring-framework",
            "https://github.com/spring-projects/spring-framework/commit/6d710d482a6785b069e35022e81758953afc21ff",
            "https://github.com/spring-projects/spring-framework/issues/35342",
            "https://github.com/spring-projects/spring-framework/releases/tag/v6.2.11",
            "https://nvd.nist.gov/vuln/detail/CVE-2025-41249",
            "https://spring.io/security/cve-2025-41249",
            "https://www.cve.org/CVERecord?id=CVE-2025-41249"
          ],
          "PublishedDate": "2025-09-16T11:15:30.887Z",
          "LastModifiedDate": "2025-09-16T20:15:35.127Z"
        },
        {
          "VulnerabilityID": "CVE-2024-38820",
          "PkgID": "org.springframework:spring-web:6.1.13",
          "PkgName": "org.springframework:spring-web",
          "PkgIdentifier": {
            "PURL": "pkg:maven/org.springframework/spring-web@6.1.13",
            "UID": "dc81f2f5f16db958"
          },
          "InstalledVersion": "6.1.13",
          "FixedVersion": "6.1.14",
          "Status": "fixed",
          "Layer": {},
          "SeveritySource": "ghsa",
          "PrimaryURL": "https://avd.aquasec.com/nvd/cve-2024-38820",
          "DataSource": {
            "ID": "ghsa",
            "Name": "GitHub Security Advisory Maven",
            "URL": "https://github.com/advisories?query=type%3Areviewed+ecosystem%3Amaven"
          },
          "Title": "The fix for CVE-2022-22968 made disallowedFieldspatterns in DataBinder ...",
          "Description": "The fix for CVE-2022-22968 made disallowedFields patterns in DataBinder case insensitive. However, String.toLowerCase() has some Locale dependent exceptions that could potentially result in fields not protected as expected.",
          "Severity": "MEDIUM",
          "CweIDs": [
            "CWE-178"
          ],
          "VendorSeverity": {
            "ghsa": 2,
            "nvd": 2
          },
          "CVSS": {
            "ghsa": {
              "V3Vector": "CVSS:3.1/AV:N/AC:L/PR:N/UI:N/S:U/C:N/I:L/A:N",
              "V3Score": 5.3
            },
            "nvd": {
              "V3Vector": "CVSS:3.1/AV:N/AC:L/PR:N/UI:N/S:U/C:N/I:L/A:N",
              "V3Score": 5.3
            }
          },
          "References": [
            "https://github.com/spring-projects/spring-framework",
            "https://github.com/spring-projects/spring-framework/commit/23656aebc6c7d0f9faff1080981eb4d55eff296c",
            "https://github.com/spring-projects/spring-framework/commits/v6.2.0-RC2",
            "https://nvd.nist.gov/vuln/detail/CVE-2024-38820",
            "https://security.netapp.com/advisory/ntap-20241129-0003",
            "https://security.netapp.com/advisory/ntap-20241129-0003/",
            "https://spring.io/security/cve-2024-38820"
          ],
          "PublishedDate": "2024-10-18T06:15:03.333Z",
          "LastModifiedDate": "2024-11-29T12:15:07.007Z"
        },
        {
          "VulnerabilityID": "CVE-2025-41234",
          "PkgID": "org.springframework:spring-web:6.1.13",
          "PkgName": "org.springframework:spring-web",
          "PkgIdentifier": {
            "PURL": "pkg:maven/org.springframework/spring-web@6.1.13",
            "UID": "dc81f2f5f16db958"
          },
          "InstalledVersion": "6.1.13",
          "FixedVersion": "6.2.8, 6.1.21",
          "Status": "fixed",
          "Layer": {},
          "SeveritySource": "ghsa",
          "PrimaryURL": "https://avd.aquasec.com/nvd/cve-2025-41234",
          "DataSource": {
            "ID": "ghsa",
            "Name": "GitHub Security Advisory Maven",
            "URL": "https://github.com/advisories?query=type%3Areviewed+ecosystem%3Amaven"
          },
          "Title": "springframework: Reflected download attack in Spring Framework with non-ASCII headers",
          "Description": "Description\n\nIn Spring Framework, versions 6.0.x as of 6.0.5, versions 6.1.x and 6.2.x, an application is vulnerable to a reflected file download (RFD) attack when it sets a “Content-Disposition” header with a non-ASCII charset, where the filename attribute is derived from user-supplied input.\n\nSpecifically, an application is vulnerable when all the following are true:\n\n  *  The header is prepared with org.springframework.http.ContentDisposition.\n  *  The filename is set via ContentDisposition.Builder#filename(String, Charset).\n  *  The value for the filename is derived from user-supplied input.\n  *  The application does not sanitize the user-supplied input.\n  *  The downloaded content of the response is injected with malicious commands by the attacker (see RFD paper reference for details).\n\n\nAn application is not vulnerable if any of the following is true:\n\n  *  The application does not set a “Content-Disposition” response header.\n  *  The header is not prepared with org.springframework.http.ContentDisposition.\n  *  The filename is set via one of:  *  ContentDisposition.Builder#filename(String), or\n  *  ContentDisposition.Builder#filename(String, ASCII)\n\n\n\n  *  The filename is not derived from user-supplied input.\n  *  The filename is derived from user-supplied input but sanitized by the application.\n  *  The attacker cannot inject malicious content in the downloaded content of the response.\n\n\nAffected Spring Products and VersionsSpring Framework:\n\n  *  6.2.0 - 6.2.7\n  *  6.1.0 - 6.1.20\n  *  6.0.5 - 6.0.28\n  *  Older, unsupported versions are not affected\n\n\nMitigationUsers of affected versions should upgrade to the corresponding fixed version.\n\nAffected version(s)Fix versionAvailability6.2.x6.2.8OSS6.1.x6.1.21OSS6.0.x6.0.29 Commercial https://enterprise.spring.io/ No further mitigation steps are necessary.\n\n\nCWE-113 in `Content-Disposition` handling in VMware Spring Framework versions 6.0.5 to 6.2.7 allows remote attackers to launch Reflected File Download (RFD) attacks via unsanitized user input in `ContentDisposition.Builder#filename(String, Charset)` with non-ASCII charsets.",
          "Severity": "MEDIUM",
          "CweIDs": [
            "CWE-113"
          ],
          "VendorSeverity": {
            "ghsa": 2,
            "redhat": 2
          },
          "CVSS": {
            "ghsa": {
              "V3Vector": "CVSS:3.1/AV:N/AC:H/PR:L/UI:R/S:C/C:H/I:L/A:N",
              "V3Score": 6.5
            },
            "redhat": {
              "V3Vector": "CVSS:3.1/AV:N/AC:H/PR:L/UI:R/S:C/C:H/I:L/A:N",
              "V3Score": 6.5
            }
          },
          "References": [
            "https://access.redhat.com/security/cve/CVE-2025-41234",
            "https://github.com/spring-projects/spring-framework",
            "https://github.com/spring-projects/spring-framework/commit/f0e7b42704e6b33958f242d91bd690d6ef7ada9c",
            "https://github.com/spring-projects/spring-framework/commit/fd68ea6fcbf94fc1d38bfefd3692fe094652ab3d",
            "https://github.com/spring-projects/spring-framework/issues/35034",
            "https://nvd.nist.gov/vuln-metrics/cvss/v3-calculator?vector=AV:N/AC:H/PR:L/UI:R/S:C/C:H/I:L/A:N\u0026version=3.1",
            "https://nvd.nist.gov/vuln/detail/CVE-2025-41234",
            "https://spring.io/security/cve-2025-41234",
            "https://www.cve.org/CVERecord?id=CVE-2025-41234"
          ],
          "PublishedDate": "2025-06-12T22:15:21.09Z",
          "LastModifiedDate": "2025-06-16T12:32:18.84Z"
        },
        {
          "VulnerabilityID": "CVE-2024-38819",
          "PkgID": "org.springframework:spring-webmvc:6.1.13",
          "PkgName": "org.springframework:spring-webmvc",
          "PkgIdentifier": {
            "PURL": "pkg:maven/org.springframework/spring-webmvc@6.1.13",
            "UID": "ae043a5808e82ebe"
          },
          "InstalledVersion": "6.1.13",
          "FixedVersion": "6.1.14",
          "Status": "fixed",
          "Layer": {},
          "SeveritySource": "ghsa",
          "PrimaryURL": "https://avd.aquasec.com/nvd/cve-2024-38819",
          "DataSource": {
            "ID": "ghsa",
            "Name": "GitHub Security Advisory Maven",
            "URL": "https://github.com/advisories?query=type%3Areviewed+ecosystem%3Amaven"
          },
          "Title": "org.springframework:spring-webmvc: Path traversal vulnerability in functional web frameworks",
          "Description": "Applications serving static resources through the functional web frameworks WebMvc.fn or WebFlux.fn are vulnerable to path traversal attacks. An attacker can craft malicious HTTP requests and obtain any file on the file system that is also accessible to the process in which the Spring application is running.",
          "Severity": "HIGH",
          "CweIDs": [
            "CWE-22"
          ],
          "VendorSeverity": {
            "ghsa": 3,
            "redhat": 3
          },
          "CVSS": {
            "ghsa": {
              "V3Vector": "CVSS:3.1/AV:N/AC:L/PR:N/UI:N/S:U/C:H/I:N/A:N",
              "V3Score": 7.5
            },
            "redhat": {
              "V3Vector": "CVSS:3.1/AV:N/AC:L/PR:N/UI:N/S:U/C:H/I:N/A:N",
              "V3Score": 7.5
            }
          },
          "References": [
            "https://access.redhat.com/security/cve/CVE-2024-38819",
            "https://github.com/spring-projects/spring-framework",
            "https://github.com/spring-projects/spring-framework/commit/3bfbe30a7814c9ea1556d40df9bd87ddb3ba372d",
            "https://github.com/spring-projects/spring-framework/commit/fb7890d73975a3d9e0763e0926df2bd0a608e87e",
            "https://github.com/spring-projects/spring-framework/issues/33689",
            "https://nvd.nist.gov/vuln/detail/CVE-2024-38819",
            "https://security.netapp.com/advisory/ntap-20250110-0010",
            "https://security.netapp.com/advisory/ntap-20250110-0010/",
            "https://spring.io/security/cve-2024-38819",
            "https://www.cve.org/CVERecord?id=CVE-2024-38819"
          ],
          "PublishedDate": "2024-12-19T18:15:10.557Z",
          "LastModifiedDate": "2025-01-10T13:15:09.287Z"
        },
        {
          "VulnerabilityID": "CVE-2025-41242",
          "PkgID": "org.springframework:spring-webmvc:6.1.13",
          "PkgName": "org.springframework:spring-webmvc",
          "PkgIdentifier": {
            "PURL": "pkg:maven/org.springframework/spring-webmvc@6.1.13",
            "UID": "ae043a5808e82ebe"
          },
          "InstalledVersion": "6.1.13",
          "FixedVersion": "6.2.10",
          "Status": "fixed",
          "Layer": {},
          "SeveritySource": "ghsa",
          "PrimaryURL": "https://avd.aquasec.com/nvd/cve-2025-41242",
          "DataSource": {
            "ID": "ghsa",
            "Name": "GitHub Security Advisory Maven",
            "URL": "https://github.com/advisories?query=type%3Areviewed+ecosystem%3Amaven"
          },
          "Title": "org.springframework/spring-webmvc: Spring Framework MVC path traversal vulnerability",
          "Description": "Spring Framework MVC applications can be vulnerable to a “Path Traversal Vulnerability” when deployed on a non-compliant Servlet container.\n\nAn application can be vulnerable when all the following are true:\n\n  *  the application is deployed as a WAR or with an embedded Servlet container\n  *  the Servlet container  does not reject suspicious sequences https://jakarta.ee/specifications/servlet/6.1/jakarta-servlet-spec-6.1.html#uri-path-canonicalization \n  *  the application  serves static resources https://docs.spring.io/spring-framework/reference/web/webmvc/mvc-config/static-resources.html#page-title  with Spring resource handling\n\n\nWe have verified that applications deployed on Apache Tomcat or Eclipse Jetty are not vulnerable, as long as default security features are not disabled in the configuration. Because we cannot check exploits against all Servlet containers and configuration variants, we strongly recommend upgrading your application.",
          "Severity": "MEDIUM",
          "VendorSeverity": {
            "ghsa": 2,
            "redhat": 2
          },
          "CVSS": {
            "ghsa": {
              "V3Vector": "CVSS:3.1/AV:N/AC:H/PR:N/UI:N/S:U/C:H/I:N/A:N",
              "V3Score": 5.9
            },
            "redhat": {
              "V3Vector": "CVSS:3.1/AV:N/AC:H/PR:N/UI:N/S:U/C:H/I:N/A:N",
              "V3Score": 5.9
            }
          },
          "References": [
            "http://spring.io/security/cve-2025-41242",
            "https://access.redhat.com/security/cve/CVE-2025-41242",
            "https://docs.spring.io/spring-framework/reference/web/webmvc/mvc-config/static-resources.html#page-title",
            "https://github.com/spring-projects/spring-framework",
            "https://jakarta.ee/specifications/servlet/6.1/jakarta-servlet-spec-6.1.html#uri-path-canonicalization",
            "https://nvd.nist.gov/vuln/detail/CVE-2025-41242",
            "https://www.cve.org/CVERecord?id=CVE-2025-41242"
          ],
          "PublishedDate": "2025-08-18T09:15:28.637Z",
          "LastModifiedDate": "2025-08-18T20:16:28.75Z"
        }
      ]
    }
  ]
}
